{"Name":"Map_1","Width":25,"Height":20,"Bounds":{"min":{"x":-11.392304420471192,"y":-9.0},"max":{"x":11.8253173828125,"y":8.25}},"totalValue":11,"TileDataList":[{"Position":{"x":-2,"y":0},"AreaIdx":0,"TileType":0},{"Position":{"x":0,"y":-1},"AreaIdx":0,"TileType":0},{"Position":{"x":-1,"y":-1},"AreaIdx":1,"TileType":4},{"Position":{"x":3,"y":3},"AreaIdx":-1,"TileType":1},{"Position":{"x":0,"y":1},"AreaIdx":-1,"TileType":2},{"Position":{"x":1,"y":-1},"AreaIdx":0,"TileType":4},{"Position":{"x":2,"y":-1},"AreaIdx":0,"TileType":0}],"AreaDataList":[{"Name":"1","Color":{"r":1.0,"g":0.1321743130683899,"b":0.0,"a":1.0},"Weight":10},{"Name":"2","Color":{"r":0.0,"g":1.0,"b":0.0,"a":1.0},"Weight":1}]}